sequence,filename,content_type,bytes,sha256,source_url,alt,data_type
1,001.webp,image/webp,20154,15d47610bd88af2ab7f5e1408f0e7d50c1d9fb0e1d8e53cddce8f7fb1b21922d,https://mmbiz.qpic.cn/mmbiz_jpg/Z0nP7c8myP0c18xWEARTDkTRXPhmTRH3chz8E0BUVxABI8CRiaJgcibCtmEeuf1oy0v4vpKmCfGoEpMjMuw02aOw/640?wx_fmt=jpeg&tp=webp&wxfrom=10005&wx_lazy=1#imgIndex=0,Image,jpeg
2,002.webp,image/webp,32758,e575062e1cf8e6d7740080dc625bc1cfc5c5280346fbe8bbe1e97038b45a08b6,https://mmbiz.qpic.cn/mmbiz_jpg/Z0nP7c8myP0c18xWEARTDkTRXPhmTRH3PKzJArEISVVFXu4ZHovJYKrO5k7NXWiaicd5FQbFTickkiaeVT1e2LnYMw/640?wx_fmt=jpeg&tp=webp&wxfrom=10005&wx_lazy=1#imgIndex=1,Image,jpeg
3,003.webp,image/webp,21726,151bc2f60536eddd572e863169d3adab69041cb56bb45fcef5393c545962a0f6,https://mmbiz.qpic.cn/mmbiz_jpg/Z0nP7c8myP0c18xWEARTDkTRXPhmTRH376xRTSH9zw5dR6zhJ3ZnNYnR7F7pM0ewdjHcjibuyXGMGxcdVHZ1Oug/640?wx_fmt=jpeg&tp=webp&wxfrom=10005&wx_lazy=1#imgIndex=2,Image,jpeg
4,004.webp,image/webp,4856,97dfbd8d433271e394fdc16438088e5a3511b8b773931799044c20e2cb3a6633,https://mmbiz.qpic.cn/mmbiz_jpg/Z0nP7c8myP0c18xWEARTDkTRXPhmTRH3ZKIFENMLLAERlIHM3vST9W4lWhiaibBtq2Vw2ImOEMTm9iaiaCriaw6jVZw/640?wx_fmt=jpeg&tp=webp&wxfrom=10005&wx_lazy=1#imgIndex=3,Image,jpeg
5,005.webp,image/webp,27388,b812971abcdf3dc31081b1daafa871e03ac40c88c57e1ef87540b0005618779b,https://mmbiz.qpic.cn/mmbiz_jpg/Z0nP7c8myP0c18xWEARTDkTRXPhmTRH3EZy74BjEWVZJo44gfuWfw4xqRH9W3g8ibG3f6K8yfo2VU5LMoarD9mg/640?wx_fmt=jpeg&tp=webp&wxfrom=10005&wx_lazy=1#imgIndex=4,Image,jpeg
6,006.webp,image/webp,20754,74de5a1407e93b388e87ec72009cf72d02164be9d0cbd1d9e2fa10b3c86a1f23,https://mmbiz.qpic.cn/mmbiz_jpg/Z0nP7c8myP0c18xWEARTDkTRXPhmTRH3GRXUQEXhNmghDBsG2IUFDPPUhtNHHQvtGPD0H2e2EP78Ayd2tLTwJQ/640?wx_fmt=jpeg&tp=webp&wxfrom=10005&wx_lazy=1#imgIndex=5,Image,jpeg
7,007.webp,image/webp,16322,ddf212b7023ebc92eb0bdc27d8adf307c9b2d4054a21fb7e83ca37391476d545,https://mmbiz.qpic.cn/mmbiz_jpg/Z0nP7c8myP0c18xWEARTDkTRXPhmTRH3kDMT7tygp8wxPAkB9vUMRMiaQvkCGJNKrhMibQ9khHVT0sCSthX6BlrA/640?wx_fmt=jpeg&tp=webp&wxfrom=10005&wx_lazy=1#imgIndex=6,Image,jpeg
8,008.webp,image/webp,64674,13d4b56ecbd6e473e653d8583cc269f283bc6f918e70e0171f78528bb1311976,https://mmbiz.qpic.cn/mmbiz_jpg/Z0nP7c8myP0c18xWEARTDkTRXPhmTRH3sD1USU3DicRqMiak4MwC8Fn6hJQVbJUCRHEgKp3LIyNC8HxtJAbNJVeQ/640?wx_fmt=jpeg&tp=webp&wxfrom=10005&wx_lazy=1#imgIndex=7,Image,jpeg
9,009.webp,image/webp,20624,b30b0706349c44a869898d7cd8d9f575665490e37c1253a940d338b51d17876d,https://mmbiz.qpic.cn/mmbiz_jpg/Z0nP7c8myP0c18xWEARTDkTRXPhmTRH32p5picbO85D7ns8eP430KHftxr5wLtpEqiatibb14MhEk2nvIx2c9dxyQ/640?wx_fmt=jpeg&tp=webp&wxfrom=10005&wx_lazy=1#imgIndex=8,Image,jpeg
10,010.webp,image/webp,34940,4bc6ab56c9fd08dbbf0e1037a33bfcac8e2708a34bef3b723563637edc36b3af,https://mmbiz.qpic.cn/mmbiz_jpg/Z0nP7c8myP0c18xWEARTDkTRXPhmTRH3FUo9vbD9ZUFaJib9vQ9UFmoaJa0Viaq9nAIibEXAwx9dNLNqp7d6nUibkQ/640?wx_fmt=jpeg&tp=webp&wxfrom=10005&wx_lazy=1#imgIndex=9,Image,jpeg
11,011.webp,image/webp,15614,e24a47e879d6646556e0d69defd9ee5f6990cc92177b82316d2d7e1640d46b3b,https://mmbiz.qpic.cn/mmbiz_jpg/Z0nP7c8myP0c18xWEARTDkTRXPhmTRH3ibFM8tH6PAicZgGeXhHypsYjgKBKPzQrZhNXI7FgD4E0k8uOhiap8H2Cg/640?wx_fmt=jpeg&tp=webp&wxfrom=10005&wx_lazy=1#imgIndex=10,Image,jpeg
12,012.webp,image/webp,5550,9ffcceb71ab0806e94d0044197fcc88c6a88d65216c7415c57aa1266e2ecdddc,https://mmbiz.qpic.cn/mmbiz_jpg/Z0nP7c8myP0c18xWEARTDkTRXPhmTRH3qiauR0x0el9DqFKDFEWdv2icMhtMhWibV1Libgm6fCGbVBdX4PP5iaBSm3g/640?wx_fmt=jpeg&tp=webp&wxfrom=10005&wx_lazy=1#imgIndex=11,Image,jpeg
13,013.webp,image/webp,33296,8a0c48bea356b3605a7cfe4889db8b1d08a4794c212d23faa0f993abd26e7ae3,https://mmbiz.qpic.cn/mmbiz_jpg/Z0nP7c8myP0c18xWEARTDkTRXPhmTRH3oWacKhmMTFPmfWmsfXh8PdfN35ibUp31u5YOsuibCaXNAEGTu5nyNw7g/640?wx_fmt=jpeg&tp=webp&wxfrom=10005&wx_lazy=1#imgIndex=12,Image,jpeg
14,014.webp,image/webp,18380,a1ed43f68bdf55e2b1f23b0826dccb605925e5b5701a94e773469cdc42076074,https://mmbiz.qpic.cn/mmbiz_jpg/Z0nP7c8myP0c18xWEARTDkTRXPhmTRH3NVl0nONDtAzH5WNCbScY6DmNaoJfNiatCBZH8OzkCtaOpZhjY996nfA/640?wx_fmt=jpeg&tp=webp&wxfrom=10005&wx_lazy=1#imgIndex=13,Image,jpeg
15,015.webp,image/webp,21848,5c0944fc94c2e571b1ebd1e94ae1c7f2d9639af76b4666d02989bdd1f6852ac3,https://mmbiz.qpic.cn/mmbiz_jpg/Z0nP7c8myP0c18xWEARTDkTRXPhmTRH37tNSxzpnA7uMVfPw9q8tW9NOCWJKicfhpHGm5xvQibnp2exMiaicj5XhWw/640?wx_fmt=jpeg&tp=webp&wxfrom=10005&wx_lazy=1#imgIndex=14,Image,jpeg
16,016.webp,image/webp,26338,370071999c3d23b08c20eb23baa6ea34fcbb79d8549c30f9a4bc24df1ea80230,https://mmbiz.qpic.cn/mmbiz_jpg/Z0nP7c8myP0c18xWEARTDkTRXPhmTRH3GGSohovIia9KpdYpV5Kk95oZRicbArJ7MWXyL3GTLVtUsWOW1RmibNvRQ/640?wx_fmt=jpeg&tp=webp&wxfrom=10005&wx_lazy=1#imgIndex=15,Image,jpeg
17,017.webp,image/webp,35176,3aecdb1a2df4bfbedf075955e8d2eaf2b28377949f19e75cfd99f6a5934c29da,https://mmbiz.qpic.cn/mmbiz_jpg/Z0nP7c8myP0c18xWEARTDkTRXPhmTRH36NIa7QrHKVD5acicR0XibZ1SzL9moPSC2b54ZGpw8fFNPgvAklyfPcCA/640?wx_fmt=jpeg&tp=webp&wxfrom=10005&wx_lazy=1#imgIndex=16,Image,jpeg
18,018.webp,image/webp,17374,5903a0ad1d019cee9a403290e9c7241db7ee6c9534e2d21fc52a44c2602b23de,https://mmbiz.qpic.cn/mmbiz_jpg/Z0nP7c8myP0c18xWEARTDkTRXPhmTRH38G5KkDIG32EX9HGk43siaxicd1icFTyWpvyRu0Xb96r9B6enhDhl3pXnQ/640?wx_fmt=jpeg&tp=webp&wxfrom=10005&wx_lazy=1#imgIndex=17,Image,jpeg
19,019.webp,image/webp,17464,7696580c2e14ce3af28a8aa3628d89ec34af0326ae6b87e01d9c00873b75f30e,https://mmbiz.qpic.cn/mmbiz_jpg/Z0nP7c8myP0c18xWEARTDkTRXPhmTRH32oJ9qKQdyxh1icrmPRLYLa8RSDhHhAOHrw6ry9GoWXCibxwib8S9NHFrA/640?wx_fmt=jpeg&tp=webp&wxfrom=10005&wx_lazy=1#imgIndex=18,Image,jpeg
20,020.webp,image/webp,25044,f1dcdd8545abf470744a1472e69b75562b0196d0406c209e6985b23d4c25534f,https://mmbiz.qpic.cn/mmbiz_jpg/Z0nP7c8myP0c18xWEARTDkTRXPhmTRH3QY1cQwicI3JvlnjUC8jz8nibicMYOFFQ3C8biaxcp9Xe0hjiaYdqQlMzeeQ/640?wx_fmt=jpeg&tp=webp&wxfrom=10005&wx_lazy=1#imgIndex=19,Image,jpeg
21,021.webp,image/webp,19318,98f98a4fe50a13f56cd51806cf4ba5a3aff838602576fae479bdc9c3507c06ed,https://mmbiz.qpic.cn/mmbiz_jpg/Z0nP7c8myP0c18xWEARTDkTRXPhmTRH3CBx9OpdAyfInVe16fRAODX4FV6UV3jXfsq1tEfI8LPSX6eIt7DSIjw/640?wx_fmt=jpeg&tp=webp&wxfrom=10005&wx_lazy=1#imgIndex=20,Image,jpeg
22,022.webp,image/webp,24294,b1a75fed50528f2a829b25db30f0d8d76936ca3f7cea66e9cacb466144d72223,https://mmbiz.qpic.cn/mmbiz_jpg/Z0nP7c8myP0c18xWEARTDkTRXPhmTRH3p6tmuaL5WibtDLk8QZqqr9358Gm3wbJ3eDJ1qQuycYibCgJMg8I5W8Zg/640?wx_fmt=jpeg&tp=webp&wxfrom=10005&wx_lazy=1#imgIndex=21,Image,jpeg
23,023.webp,image/webp,79792,abf903ad02ab4fd7173b0b8dd9d0c7643b05b1626753fa3836547e80390d3abb,https://mmbiz.qpic.cn/mmbiz_jpg/Z0nP7c8myP0c18xWEARTDkTRXPhmTRH3sKVsk2jvI5Tex57kzuBzUMSxskeAp8WjfgYd3VZREr8LmuJkZcwKiaA/640?wx_fmt=jpeg&tp=webp&wxfrom=10005&wx_lazy=1#imgIndex=22,Image,jpeg
24,024.webp,image/webp,22800,54b00ae269004de26b8aa0fb00598c0471e19457619b462492552a104b2075da,https://mmbiz.qpic.cn/mmbiz_jpg/Z0nP7c8myP0c18xWEARTDkTRXPhmTRH3MoibpGLZ7qJZV5fzMDl1vJq5t789gibXwL0XGibfQoZQu4ibP106o0icumA/640?wx_fmt=jpeg&tp=webp&wxfrom=10005&wx_lazy=1#imgIndex=23,Image,jpeg
25,025.webp,image/webp,26138,2ad9f05941d1d51e786b88910ded887ff73f40e064235499f7c1ec7bb163c64c,https://mmbiz.qpic.cn/mmbiz_jpg/Z0nP7c8myP0c18xWEARTDkTRXPhmTRH3ux6BxeKUXacqfOqtudJ6vibraZFdXpyTtTxJqSAtpldk9MNOYHY4vMg/640?wx_fmt=jpeg&tp=webp&wxfrom=10005&wx_lazy=1#imgIndex=24,Image,jpeg
26,026.webp,image/webp,28544,898be7234613a3a5b8a89bb789e2db6296c8a3948f6202e29ff42df8714f923a,https://mmbiz.qpic.cn/mmbiz_jpg/Z0nP7c8myP0c18xWEARTDkTRXPhmTRH3TcicmsWCpXsxTKUWEMkBI0ru39cOlk4fRq6Ee7FdLO9rxBHETygTTNA/640?wx_fmt=jpeg&tp=webp&wxfrom=10005&wx_lazy=1#imgIndex=25,Image,jpeg
27,027.webp,image/webp,24460,87a0aa0d669a93cdf39e0ba87df7d9415456c31cfa89d93263366cbba7ee5f40,https://mmbiz.qpic.cn/mmbiz_jpg/Z0nP7c8myP0c18xWEARTDkTRXPhmTRH3QTfiax0qibqsnYlC9kLBp1mjWTzc0rwwHVnyLTcW52oo62O5MTbu9LAw/640?wx_fmt=jpeg&tp=webp&wxfrom=10005&wx_lazy=1#imgIndex=26,Image,jpeg
28,028.webp,image/webp,23508,6c12423df4e7e2bb639d78e168bfe9f44ba15078d62d55ddbe995cfece27c117,https://mmbiz.qpic.cn/mmbiz_jpg/Z0nP7c8myP0c18xWEARTDkTRXPhmTRH3mCGAuOGibeJ7kMSeNXgN4f7GeeTg1bKTDEpq88Xs5bC2TG04xOdOvSA/640?wx_fmt=jpeg&tp=webp&wxfrom=10005&wx_lazy=1#imgIndex=27,Image,jpeg
29,029.webp,image/webp,8696,3df1f6b87a077dcedf2b1c8f46c4a6050876a4ef12ef1d9988899abde5833140,https://mmbiz.qpic.cn/mmbiz_jpg/Z0nP7c8myP0c18xWEARTDkTRXPhmTRH3gibtmhPp8t0j7TulQMlENw4LFN09ecJgpRS2w9XxENhhHnsVhogibTbQ/640?wx_fmt=jpeg&tp=webp&wxfrom=10005&wx_lazy=1#imgIndex=28,Image,jpeg
30,030.webp,image/webp,27576,00fdd85527fc405d9b7233e11ce9938dbf12b96ef7993b505037ef0f9bd3460c,https://mmbiz.qpic.cn/mmbiz_jpg/Z0nP7c8myP0c18xWEARTDkTRXPhmTRH3WOqnn9BSICADsBQZ5icn7GxXUG3Yltduxv7FITcXEoemKK7R07qW47w/640?wx_fmt=jpeg&tp=webp&wxfrom=10005&wx_lazy=1#imgIndex=29,Image,jpeg
31,031.webp,image/webp,27780,d54c0836bd0d920da51e9b4a617ab28b923c30724bd6b27137c94cb28a62c9a2,https://mmbiz.qpic.cn/mmbiz_jpg/Z0nP7c8myP0c18xWEARTDkTRXPhmTRH3V6PuthdPicdUJG7UOtZ6rIKiaGckCqnFENecflU7009gibAYibhF0NEy4Q/640?wx_fmt=jpeg&tp=webp&wxfrom=10005&wx_lazy=1#imgIndex=30,Image,jpeg
32,032.webp,image/webp,45492,31fb73ed4a36db13ae85a56780d5d37a6054878c1765841e264948c297675d02,https://mmbiz.qpic.cn/mmbiz_jpg/Z0nP7c8myP0c18xWEARTDkTRXPhmTRH3aDM6Lm0EMO23bzmdGhXVSA6To6Vke3ficdU5Jwm2aSI2J7nV6m4zTicQ/640?wx_fmt=jpeg&tp=webp&wxfrom=10005&wx_lazy=1#imgIndex=31,Image,jpeg
33,033.webp,image/webp,104020,7b6bd42c73f8d620364e0f78ab4deb1e9b4b7d4606aa0bbef8f7c6bbe5bf0ae2,https://mmbiz.qpic.cn/mmbiz_jpg/Z0nP7c8myP0c18xWEARTDkTRXPhmTRH3lcQEia94NX2qc0qhbkh4PWWKfyo5CbShTne1POvLTn5GelURlrcLBdA/640?wx_fmt=jpeg&tp=webp&wxfrom=10005&wx_lazy=1#imgIndex=32,Image,jpeg
34,034.webp,image/webp,25308,e65d12834d90b448cbc3295fbacd40a8f5979256fdc6c537e897695612f0fc2e,https://mmbiz.qpic.cn/mmbiz_jpg/Z0nP7c8myP0c18xWEARTDkTRXPhmTRH3l0p3Mp2weNCicu4ticLUFgUfKTIwnDMiayNwiaAFYAS5f1tAibkP8XhkL1Q/640?wx_fmt=jpeg&tp=webp&wxfrom=10005&wx_lazy=1#imgIndex=33,Image,jpeg
35,035.webp,image/webp,28320,8a9fe8078bed1f3632fb09971e0e1d8eff9ae7d6c99ef0020324c195ddd39556,https://mmbiz.qpic.cn/mmbiz_jpg/Z0nP7c8myP0c18xWEARTDkTRXPhmTRH3BEyVLH1mWNaS7F67aISVrUXk9nm218xyR87iaNnAlqZJLVVOCmYZ3dQ/640?wx_fmt=jpeg&tp=webp&wxfrom=10005&wx_lazy=1#imgIndex=34,Image,jpeg
36,036.webp,image/webp,14610,c13923e0abe882565d67095189632203d2ce7f123391f09529354280e6d5121c,https://mmbiz.qpic.cn/mmbiz_jpg/Z0nP7c8myP0c18xWEARTDkTRXPhmTRH3OeOnQIYsvibQMEr6LF8Z40BlhfhCficHibNCxIu2E9rUeeqXDhmGEw9gA/640?wx_fmt=jpeg&tp=webp&wxfrom=10005&wx_lazy=1#imgIndex=35,Image,jpeg
37,037.webp,image/webp,16652,ecf8fbac552a0c234789e19e1e88367f3f28bebe15301419dc3aad7835a91d17,https://mmbiz.qpic.cn/mmbiz_jpg/Z0nP7c8myP0c18xWEARTDkTRXPhmTRH37mtuxatFiaMByb8ib3cFia6CgNLODpvQlgsiaYstibhREvLghNDPz4M2iagA/640?wx_fmt=jpeg&tp=webp&wxfrom=10005&wx_lazy=1#imgIndex=36,Image,jpeg
38,038.webp,image/webp,24148,d614c328eeaf3879ecea7fc7163d04441cf18fead40df36baa11ae1d6987f9c0,https://mmbiz.qpic.cn/mmbiz_jpg/Z0nP7c8myP0c18xWEARTDkTRXPhmTRH3fsCfbzWtOPhKplnj5Rm8w0Ue9fyvOUhHkdyeoq1Vic8YUicJvrLIU1zw/640?wx_fmt=jpeg&tp=webp&wxfrom=10005&wx_lazy=1#imgIndex=37,Image,jpeg
39,039.webp,image/webp,31926,30b1ca7819015d3bee7f8b3087717065fc31fc32baad556597c92a63329e509e,https://mmbiz.qpic.cn/mmbiz_jpg/Z0nP7c8myP0c18xWEARTDkTRXPhmTRH35UwO2kcHwQGaFvAFkujNtxzb63zjBKEndDoUGpkY0CibJQkRcJsel6w/640?wx_fmt=jpeg&tp=webp&wxfrom=10005&wx_lazy=1#imgIndex=38,Image,jpeg
40,040.webp,image/webp,28376,820258604d8e935c82f0ac2d9b9f65028a2917f8481d65b366e5ed26ad84475b,https://mmbiz.qpic.cn/mmbiz_jpg/Z0nP7c8myP0c18xWEARTDkTRXPhmTRH3n6h2yDrtYEZzTsItia4TDSibvFpOOmCR5kdnrEovvVhxaLAArg2yIPLA/640?wx_fmt=jpeg&tp=webp&wxfrom=10005&wx_lazy=1#imgIndex=39,Image,jpeg
41,041.webp,image/webp,20514,f3851c0889d0d4c50474f486eb4df85a1fdc67d5dc8e5184aa7dd00335fd728b,https://mmbiz.qpic.cn/mmbiz_jpg/Z0nP7c8myP0c18xWEARTDkTRXPhmTRH3FeicZ4Ua1WYRG9ibhnC7sHK27hs514eQpekvKagqCCnrGfDzrYVEvYTg/640?wx_fmt=jpeg&tp=webp&wxfrom=10005&wx_lazy=1#imgIndex=40,Image,jpeg
42,042.webp,image/webp,17700,1b6bbdc967febb726f9106b07b6fd50d8aae6b207d2e715a01af33465c1489f0,https://mmbiz.qpic.cn/mmbiz_jpg/Z0nP7c8myP0c18xWEARTDkTRXPhmTRH3EjqAXcaeT0yqdMfLoO3wRg3ao0kEtBqywyppZrbcSUub5gIdmrFdGA/640?wx_fmt=jpeg&tp=webp&wxfrom=10005&wx_lazy=1#imgIndex=41,Image,jpeg
43,043.webp,image/webp,48960,a2d51ff45b3261389e934abe227e2a3754c65b343458af5d6cf96e7a99ec64d1,https://mmbiz.qpic.cn/mmbiz_jpg/Z0nP7c8myP0c18xWEARTDkTRXPhmTRH3SrVIby1jpZdG0rOPpp9ke7j3RicxGOvnzEicvACSYl5icVHS7yjhIyv9Q/640?wx_fmt=jpeg&tp=webp&wxfrom=10005&wx_lazy=1#imgIndex=42,Image,jpeg
44,044.webp,image/webp,43870,c5b505ef98b64f4184f22912e35e2aa75145d961ebef3bc2fca14dea03fd7e43,https://mmbiz.qpic.cn/mmbiz_jpg/Z0nP7c8myP0c18xWEARTDkTRXPhmTRH3kFCwsoEUw906HzlSSV4TBZcLNicsibgBQgicibtH6GMc37oh58phibvuFkQ/640?wx_fmt=jpeg&tp=webp&wxfrom=10005&wx_lazy=1#imgIndex=43,Image,jpeg
45,045.webp,image/webp,35198,1389c556dfcaf539246314d164b21e4f741fde7ff53d241e4632ef771eccc440,https://mmbiz.qpic.cn/mmbiz_jpg/Z0nP7c8myP0c18xWEARTDkTRXPhmTRH3FhhFWNB59Wa4MS8aWbfuKtSTwSJjvkm7dJB5icb0wQcCibIMln8zuMWQ/640?wx_fmt=jpeg&tp=webp&wxfrom=10005&wx_lazy=1#imgIndex=44,Image,jpeg
46,046.webp,image/webp,28388,89cbe09ee52c6e1aa76d4b12f899fe98e0e369a623cfadaea54cac423c29798f,https://mmbiz.qpic.cn/mmbiz_jpg/Z0nP7c8myP0c18xWEARTDkTRXPhmTRH3jxoVU4rs6PZEMw5v6MHiayoQBLQR1QWpaU6zYUDsiaN0bfwn1Hx712mg/640?wx_fmt=jpeg&tp=webp&wxfrom=10005&wx_lazy=1#imgIndex=45,Image,jpeg
47,047.webp,image/webp,16120,c11c15feb14ee48cedc5e29d1b12f2d9aec4ee8fbbf2ee3f3d60a0ff4624a195,https://mmbiz.qpic.cn/mmbiz_jpg/Z0nP7c8myP0c18xWEARTDkTRXPhmTRH35IfMhVIbTo72CoLM33cXFn8LFuE8WDGFNxXiawYVNBibib3zE4icFXA8vQ/640?wx_fmt=jpeg&tp=webp&wxfrom=10005&wx_lazy=1#imgIndex=46,Image,jpeg
48,048.webp,image/webp,4888,6645a0c7eadaa03b704d33e2bdc8e5c0e77411ad319cf2a9c1058a4beb26836d,https://mmbiz.qpic.cn/mmbiz_jpg/Z0nP7c8myP0c18xWEARTDkTRXPhmTRH3ibpiclBaWRu8ua44PBOEF0vvVBXuQrXN9W0kcGgzic6KOhU7mNSOiaic4tQ/640?wx_fmt=jpeg&tp=webp&wxfrom=10005&wx_lazy=1#imgIndex=47,Image,jpeg
49,049.webp,image/webp,16884,54d540bfd6b70cccc79619d73cfe58e1c069ea445945590ccf0be5c7b74fb1a2,https://mmbiz.qpic.cn/mmbiz_jpg/Z0nP7c8myP0c18xWEARTDkTRXPhmTRH3GyDSFbKaQrtpEEsTY9otnltD3o2LY4GrkXiblAZsP9DAOrDqwVUSdXg/640?wx_fmt=jpeg&tp=webp&wxfrom=10005&wx_lazy=1#imgIndex=48,Image,jpeg
50,050.webp,image/webp,63958,8580af28c648375352148c96a55e2827d90853305ca00a2ae210b6fc3e3e1d19,https://mmbiz.qpic.cn/mmbiz_jpg/Z0nP7c8myP0c18xWEARTDkTRXPhmTRH3icrOS7clbhM2QDOiapiaukiaWiawKPcBs0nKXXTic2J26laGM0YiayAPgZEiaA/640?wx_fmt=jpeg&tp=webp&wxfrom=10005&wx_lazy=1#imgIndex=49,Image,jpeg
51,051.webp,image/webp,26438,0aaa48c1649616ada25a4d9e63908bf7c70fbf1cd82ffd6149399fb647bddc98,https://mmbiz.qpic.cn/mmbiz_jpg/Z0nP7c8myP0c18xWEARTDkTRXPhmTRH3FxTNWIDroicskB2ntO8xrtZGcYzQooRJiaSq5VrCFRKgkxIborib30rcQ/640?wx_fmt=jpeg&tp=webp&wxfrom=10005&wx_lazy=1#imgIndex=50,Image,jpeg
52,052.webp,image/webp,31292,2f6d7aeaee977e5e2167cbff9a068f2eea0477ec37e43b50acdff8d51df13acc,https://mmbiz.qpic.cn/mmbiz_jpg/Z0nP7c8myP0c18xWEARTDkTRXPhmTRH3avFKvq4SXkNXYMsiazHOzv7FEWEG1fDlpSwPiaGcibdlNHhnPQGbdu5vA/640?wx_fmt=jpeg&tp=webp&wxfrom=10005&wx_lazy=1#imgIndex=51,Image,jpeg
53,053.webp,image/webp,26332,a3c903e825666482b956681716418292edb6364282653cf7155234a5bb66e3f7,https://mmbiz.qpic.cn/mmbiz_jpg/Z0nP7c8myP0c18xWEARTDkTRXPhmTRH3O3gG1vfgNfAiaTO7nPH6UZQ1R0Tibh52r5se8Oc4xRfEZpzK1HzK9ia9A/640?wx_fmt=jpeg&tp=webp&wxfrom=10005&wx_lazy=1#imgIndex=52,Image,jpeg
54,054.webp,image/webp,31628,18931bc6ab05621212848a73476bb50e565b6105bc1148de7b615b81bf501a0b,https://mmbiz.qpic.cn/mmbiz_jpg/Z0nP7c8myP0c18xWEARTDkTRXPhmTRH3LtfI7kct3oyBibo0nVL3zZ6KGx9LGHGbEmymr90TeaFA3O2XJzUpcfw/640?wx_fmt=jpeg&tp=webp&wxfrom=10005&wx_lazy=1#imgIndex=53,Image,jpeg
55,055.webp,image/webp,33854,bcfe49367d944fd1edab4d6a030a78ab415b622ec9880918d6e08fde67375a2f,https://mmbiz.qpic.cn/mmbiz_jpg/Z0nP7c8myP0c18xWEARTDkTRXPhmTRH3KPibDOibdsHEJTuqpGUgPrKV14kHyMcpeQKibPia2dPIS9HJ2rqPZVzpTw/640?wx_fmt=jpeg&tp=webp&wxfrom=10005&wx_lazy=1#imgIndex=54,Image,jpeg
56,056.webp,image/webp,107974,af46cae7e66d8bdc81d87fbbb909f88bcef2bcd3a1f25a300cecf932633709f0,https://mmbiz.qpic.cn/mmbiz_jpg/Z0nP7c8myP0c18xWEARTDkTRXPhmTRH3vicqUX3DmOsupsTX7iaq9IkIJ6ftdgQqFxyicCbW36GQb3Ahia2tpAvMSQ/640?wx_fmt=jpeg&tp=webp&wxfrom=10005&wx_lazy=1#imgIndex=55,Image,jpeg
57,057.webp,image/webp,36362,63e5dae957c1c8637473741acf2a98e200c68e06526dc6b16298fe74e5b7007a,https://mmbiz.qpic.cn/mmbiz_jpg/Z0nP7c8myP0c18xWEARTDkTRXPhmTRH3snTOWWcMTeD429ZIiaLAaHia1wqJwH8DLeIfsdkrCicaDiaqxbStoicZf2Q/640?wx_fmt=jpeg&tp=webp&wxfrom=10005&wx_lazy=1#imgIndex=56,Image,jpeg
58,058.webp,image/webp,32712,eb02e7523192a013dfcd941dc3e2e21be4816206c577f42bc14330bd6f8b712c,https://mmbiz.qpic.cn/mmbiz_jpg/Z0nP7c8myP0c18xWEARTDkTRXPhmTRH3uUibRicicRiaJnibcEgRomrILnXCPWqRwCZ1uhyWr2xXkjqjF09X9J4G6bA/640?wx_fmt=jpeg&tp=webp&wxfrom=10005&wx_lazy=1#imgIndex=57,Image,jpeg
59,059.webp,image/webp,81572,aad89437619f4aedc246ef9e67f4f2128304a5d4831986c0fcba626c78948efb,https://mmbiz.qpic.cn/mmbiz_jpg/Z0nP7c8myP0c18xWEARTDkTRXPhmTRH3vgHC98WeoS7uDbLeyB9hROabHVrNzWHsrj7kdBsiarYSXiccG3PPEia7w/640?wx_fmt=jpeg&tp=webp&wxfrom=10005&wx_lazy=1#imgIndex=58,Image,jpeg
60,060.webp,image/webp,24632,01d6210cf46d54a6776899e83b3a7ea7c7adc81dcba0937b3b3fa818e1b18b1f,https://mmbiz.qpic.cn/mmbiz_jpg/Z0nP7c8myP0c18xWEARTDkTRXPhmTRH3X96Ve7YuzLqwpxJoaoVPrRoicPDwd4apIXrkmqhV72UFpJd2FFribSEA/640?wx_fmt=jpeg&tp=webp&wxfrom=10005&wx_lazy=1#imgIndex=59,Image,jpeg
61,061.webp,image/webp,25958,3e003ead5c036f02b4aa4026a6afe3d05dd1af4d9886df124176f4ae695c64a0,https://mmbiz.qpic.cn/mmbiz_jpg/Z0nP7c8myP0c18xWEARTDkTRXPhmTRH33TLGK4sbgKRqS32ZS9Jica0WJMQpUtNDvl6REHjA7rYJ6YR5B7KKwYA/640?wx_fmt=jpeg&tp=webp&wxfrom=10005&wx_lazy=1#imgIndex=60,Image,jpeg
62,062.webp,image/webp,89468,88d3943264714e0773f605b44bcb3d91ce22db42209e773ed86f50222a30159b,https://mmbiz.qpic.cn/mmbiz_jpg/Z0nP7c8myP0c18xWEARTDkTRXPhmTRH3FFib2ZL9zCurU2GwF3rg2Pl1fKn75K6ZLl8lBlfE37fpuicXdX9KO8qw/640?wx_fmt=jpeg&tp=webp&wxfrom=10005&wx_lazy=1#imgIndex=61,Image,jpeg
63,063.webp,image/webp,23994,0ce76da5462d1fcdf858dc3232d65c4c97f7e386e513d3ab05a5560a1f2f36f0,https://mmbiz.qpic.cn/mmbiz_jpg/Z0nP7c8myP0c18xWEARTDkTRXPhmTRH3Qt84oRrjpicpIEiaLeMUYr5atsicUPAxvmcxEW2YZOZeY0eWYoI8TbT3w/640?wx_fmt=jpeg&tp=webp&wxfrom=10005&wx_lazy=1#imgIndex=62,Image,jpeg
64,064.webp,image/webp,40398,14a498dd4057369a41d2495afa54fb7443a24ed5bd2ea23dff9c30d28fe66f54,https://mmbiz.qpic.cn/mmbiz_jpg/Z0nP7c8myP0c18xWEARTDkTRXPhmTRH3ZSfwdSJYQcW7399pjljJOpm2Dv2mbGTfyt5k2uvhRJn1aciaWpJ9cTQ/640?wx_fmt=jpeg&tp=webp&wxfrom=10005&wx_lazy=1#imgIndex=63,Image,jpeg
65,065.webp,image/webp,26062,ed14be8843c3bc499f016b63e3c3306c79de1e3df3c7ba99ea7bfed398e9ae1c,https://mmbiz.qpic.cn/mmbiz_jpg/Z0nP7c8myP0c18xWEARTDkTRXPhmTRH32sHpjxFOLtVrhC9ibLH4icTyKb9xuILPoMMmxkaficjQ7a0ZibQUk5eic7w/640?wx_fmt=jpeg&tp=webp&wxfrom=10005&wx_lazy=1#imgIndex=64,Image,jpeg
66,066.webp,image/webp,7944,9742f139ff298afe7a23a571e53f546c4e068d740adf6fbb862cf239ef0aa1d5,https://mmbiz.qpic.cn/mmbiz_jpg/Z0nP7c8myP0c18xWEARTDkTRXPhmTRH3JicXDVVDWSc7HAXibeiaKibZNIDVUZlEd1S8oPqCuaqQdGjojibS8ficOMqg/640?wx_fmt=jpeg&tp=webp&wxfrom=10005&wx_lazy=1#imgIndex=65,Image,jpeg
67,067.webp,image/webp,27472,4500c803dbb2d59092acf908f1bc477ec3971f946a5f2a4cd6dfd2c003750cd1,https://mmbiz.qpic.cn/mmbiz_jpg/Z0nP7c8myP0c18xWEARTDkTRXPhmTRH3OCiaEnTpl3havCZuYjlNLcMjBRyplKVXb3TjYd0Kwn1XAUyvxia4dicYA/640?wx_fmt=jpeg&tp=webp&wxfrom=10005&wx_lazy=1#imgIndex=66,Image,jpeg
68,068.webp,image/webp,29832,c9db4d326066e97a538fb3cf55b90446091510546f17c39b6b1b60e28e957a40,https://mmbiz.qpic.cn/mmbiz_jpg/Z0nP7c8myP0c18xWEARTDkTRXPhmTRH3oLaZDicicibTWHbJQ9hh4korhRCUlwKVvZcUs1qSN6v429mGdALtc3YnQ/640?wx_fmt=jpeg&tp=webp&wxfrom=10005&wx_lazy=1#imgIndex=67,Image,jpeg
69,069.webp,image/webp,24284,48c78e95c570a4bddb1b9b64d1bc2242b417800808aadbaaaed7b904dd71361b,https://mmbiz.qpic.cn/mmbiz_jpg/Z0nP7c8myP0c18xWEARTDkTRXPhmTRH3sAk2rP3W7NAfj7VCrk7Uu3zI7WwfFYBia6wpfnhxA1xqI8ayUnPCMBg/640?wx_fmt=jpeg&tp=webp&wxfrom=10005&wx_lazy=1#imgIndex=68,Image,jpeg
70,070.webp,image/webp,59424,9fb3c0e5787a80b50c5d8b724bc9e0a580d8db7d329f0e878f04947cc30429f2,https://mmbiz.qpic.cn/mmbiz_jpg/Z0nP7c8myP0c18xWEARTDkTRXPhmTRH3Rn0tupcevfsKd6tB8yaOl7Fm1Diamx2mELyIYdLLSWC89hibanPQp2yA/640?wx_fmt=jpeg&tp=webp&wxfrom=10005&wx_lazy=1#imgIndex=69,Image,jpeg
71,071.webp,image/webp,34796,7358fa78e04e60b2d2567f3250c55916cae6d9fa181248ea34e26cc0e34e1ac5,https://mmbiz.qpic.cn/mmbiz_jpg/Z0nP7c8myP0c18xWEARTDkTRXPhmTRH3hJQMOSVUZxELh2jUnGWLTAwpmmClLO0Lia1J4DnYjE8LjwssLZyzc5g/640?wx_fmt=jpeg&tp=webp&wxfrom=10005&wx_lazy=1#imgIndex=70,Image,jpeg
72,072.webp,image/webp,55382,6fadcfdafceed85146c34115d5e3804fdfc0c83bd4d531e8cd33135e7a2d7efe,https://mmbiz.qpic.cn/mmbiz_jpg/Z0nP7c8myP0c18xWEARTDkTRXPhmTRH3DjKIBfscrpYhia2uibjhcCseYqu76qjnMQmZpuiaYO3GGTbY5sX3kB7mA/640?wx_fmt=jpeg&tp=webp&wxfrom=10005&wx_lazy=1#imgIndex=71,Image,jpeg
73,073.webp,image/webp,56764,2bbdf2acfdb0a0c175c6385ca894ccb17cc62f4af7ae8c11f5e0bb91babd32ab,https://mmbiz.qpic.cn/mmbiz_jpg/Z0nP7c8myP0c18xWEARTDkTRXPhmTRH3rDdHXk6MP0aiccjPxf8qPRtAL106iasia6xXktYKE0nu2CXWHEia4dTlTg/640?wx_fmt=jpeg&tp=webp&wxfrom=10005&wx_lazy=1#imgIndex=72,Image,jpeg
74,074.webp,image/webp,10414,a0530025cdc5c3c32870fec9e9c4c4b14c35038e2fa7cc8bfd95998791100184,https://mmbiz.qpic.cn/mmbiz_jpg/Z0nP7c8myP0c18xWEARTDkTRXPhmTRH3KnurcCzHRGtbnx9q9LP1m35Rx1LUPjZ1O0dVUOsjHYhuBsA26icqQpA/640?wx_fmt=jpeg&tp=webp&wxfrom=10005&wx_lazy=1#imgIndex=73,Image,jpeg
75,075.webp,image/webp,39592,61ddfca0e5f420f2e7bea730cca6b2133b515de07dcbfc1d04e1d5cdaa235133,https://mmbiz.qpic.cn/mmbiz_jpg/Z0nP7c8myP0c18xWEARTDkTRXPhmTRH3DFuKqVUDOo9myvsUnVUxNI5m5icBp1cn7Znheu5ERSMBXes6NDKXYNQ/640?wx_fmt=jpeg&tp=webp&wxfrom=10005&wx_lazy=1#imgIndex=74,Image,jpeg
76,076.webp,image/webp,49322,53c92f49817b4aa68d9aa081adb692fe6bf9a79bb30e3ff9005314b39e59c828,https://mmbiz.qpic.cn/mmbiz_jpg/Z0nP7c8myP0c18xWEARTDkTRXPhmTRH3sQmRNHLZjIPPic2cJfeiaiclHUOWRc6Fyibu0l0GTNSQQdou26OZvOysJQ/640?wx_fmt=jpeg&tp=webp&wxfrom=10005&wx_lazy=1#imgIndex=75,Image,jpeg
77,077.webp,image/webp,39146,f44cfafee13e9781a01b5dcddf2c68f577e664199551d3eb5d3a7a748a86f56c,https://mmbiz.qpic.cn/mmbiz_jpg/Z0nP7c8myP0c18xWEARTDkTRXPhmTRH342J4cWnk1ot8Kh87OsQxByP6CCQhvtVPDLXFxMEhto5ZTaZTf418DQ/640?wx_fmt=jpeg&tp=webp&wxfrom=10005&wx_lazy=1#imgIndex=76,Image,jpeg
